Sum of 7.44E-13,Column Labels,
Row Labels,4,Grand Total
:00,2.05042E-11,2.05042E-11
:01,3.36886E-11,3.36886E-11
:02,5.41471E-11,5.41471E-11
:03,3.6356E-11,3.6356E-11
:04,3.01697E-11,3.01697E-11
:05,4.34945E-11,4.34945E-11
:06,3.27386E-11,3.27386E-11
:07,4.77853E-11,4.77853E-11
:08,2.22662E-11,2.22662E-11
:09,2.27681E-11,2.27681E-11
:10,2.88064E-11,2.88064E-11
:11,2.34298E-11,2.34298E-11
:12,5.96812E-11,5.96812E-11
:13,1.49043E-11,1.49043E-11
:14,4.4716E-11,4.4716E-11
:15,2.92962E-11,2.92962E-11
:16,2.13252E-11,2.13252E-11
:17,4.70551E-11,4.70551E-11
:18,3.07645E-11,3.07645E-11
:19,3.46978E-11,3.46978E-11
:20,2.42033E-11,2.42033E-11
:21,2.07607E-11,2.07607E-11
:22,3.72639E-11,3.72639E-11
:23,1.92124E-11,1.92124E-11
:24,1.48873E-11,1.48873E-11
:25,1.60197E-11,1.60197E-11
:26,1.15979E-11,1.15979E-11
:27,3.21844E-11,3.21844E-11
:28,2.02028E-11,2.02028E-11
:29,1.88146E-11,1.88146E-11
:30,2.276E-11,2.276E-11
:31,2.1162E-11,2.1162E-11
:32,3.56347E-11,3.56347E-11
:33,1.04044E-11,1.04044E-11
:34,2.0439E-11,2.0439E-11
:35,2.20217E-11,2.20217E-11
:36,2.07647E-11,2.07647E-11
:37,4.95649E-11,4.95649E-11
:38,1.82395E-11,1.82395E-11
:39,2.91336E-11,2.91336E-11
:40,2.65151E-11,2.65151E-11
:41,4.0008E-11,4.0008E-11
:42,4.68387E-11,4.68387E-11
:43,1.61069E-11,1.61069E-11
:44,3.5473E-11,3.5473E-11
:45,3.16103E-11,3.16103E-11
:46,2.42457E-11,2.42457E-11
:47,4.37971E-11,4.37971E-11
:48,2.93189E-11,2.93189E-11
:49,4.15088E-11,4.15088E-11
:50,3.6998E-11,3.6998E-11
:51,2.58424E-11,2.58424E-11
:52,5.86361E-11,5.86361E-11
:53,4.2064E-11,4.2064E-11
:54,4.077E-11,4.077E-11
:55,3.26721E-11,3.26721E-11
:56,1.83977E-11,1.83977E-11
:57,4.65477E-11,4.65477E-11
:58,2.3491E-11,2.3491E-11
:59,1.51464E-11,1.51464E-11
Grand Total,1.81985E-09,1.81985E-09
