2026/10/07 20:30:15.017,    4.000,  8.5636e-011,
2026/10/07 20:30:15.225,    4.000,  8.9127e-011,
2026/10/07 20:30:15.433,    4.000,  9.5420e-011,
2026/10/07 20:30:15.642,    4.000,  8.3170e-011,
2026/10/07 20:30:15.850,    4.000,  7.6198e-011,
2026/10/07 20:30:16.058,    4.000,  8.3046e-011,
2026/10/07 20:30:16.267,    4.000,  8.3398e-011,
2026/10/07 20:30:16.475,    4.000,  8.9806e-011,
2026/10/07 20:30:16.683,    4.000,  7.8745e-011,
2026/10/07 20:30:16.892,    4.000,  7.4073e-011,
2026/10/07 20:30:17.100,    4.000,  7.1887e-011,
2026/10/07 20:30:17.308,    4.000,  8.1095e-011,
2026/10/07 20:30:17.517,    4.000,  7.8686e-011,
2026/10/07 20:30:17.725,    4.000,  7.0648e-011,
2026/10/07 20:30:17.933,    4.000,  7.6962e-011,
2026/10/07 20:30:18.142,    4.000,  8.3216e-011,
2026/10/07 20:30:18.350,    4.000,  8.9625e-011,
2026/10/07 20:30:18.558,    4.000,  7.3815e-011,
2026/10/07 20:30:18.767,    4.000,  7.5818e-011,
2026/10/07 20:30:18.975,    4.000,  6.9237e-011,
2026/10/07 20:30:19.183,    4.000,  7.9895e-011,
2026/10/07 20:30:19.392,    4.000,  7.7199e-011,
2026/10/07 20:30:19.600,    4.000,  6.1569e-011,
2026/10/07 20:30:19.808,    4.000,  7.1536e-011,
2026/10/07 20:30:20.017,    4.000,  7.1258e-011,
2026/10/07 20:30:20.225,    4.000,  8.4073e-011,
2026/10/07 20:30:20.433,    4.000,  9.1339e-011,
2026/10/07 20:30:20.642,    4.000,  7.2374e-011,
2026/10/07 20:30:20.850,    4.000,  7.4104e-011,
2026/10/07 20:30:21.059,    4.000,  7.2382e-011,
2026/10/07 20:30:21.267,    4.000,  7.2795e-011,
2026/10/07 20:30:21.475,    4.000,  8.3583e-011,
2026/10/07 20:30:21.684,    4.000,  7.2800e-011,
2026/10/07 20:30:21.892,    4.000,  8.7667e-011,
2026/10/07 20:30:22.100,    4.000,  7.6899e-011,
2026/10/07 20:30:22.309,    4.000,  8.5291e-011,
2026/10/07 20:30:22.517,    4.000,  9.2586e-011,
2026/10/07 20:30:22.725,    4.000,  9.2663e-011,
2026/10/07 20:30:22.934,    4.000,  8.1125e-011,
2026/10/07 20:30:23.142,    4.000,  7.7725e-011,
2026/10/07 20:30:23.350,    4.000,  8.3962e-011,
2026/10/07 20:30:23.559,    4.000,  8.5445e-011,
2026/10/07 20:30:23.767,    4.000,  7.6899e-011,
2026/10/07 20:30:23.975,    4.000,  8.0040e-011,
2026/10/07 20:30:24.184,    4.000,  6.6388e-011,
2026/10/07 20:30:24.392,    4.000,  6.8183e-011,
2026/10/07 20:30:24.600,    4.000,  6.9892e-011,
2026/10/07 20:30:24.809,    4.000,  8.0320e-011,
2026/10/07 20:30:25.017,    4.000,  7.9358e-011,
2026/10/07 20:30:25.225,    4.000,  8.3542e-011,
2026/10/07 20:30:25.434,    4.000,  8.6981e-011,
2026/10/07 20:30:25.642,    4.000,  6.6280e-011,
2026/10/07 20:30:25.850,    4.000,  8.4934e-011,
2026/10/07 20:30:26.059,    4.000,  6.9298e-011,
2026/10/07 20:30:26.267,    4.000,  7.7532e-011,
2026/10/07 20:30:26.475,    4.000,  7.6464e-011,
2026/10/07 20:30:26.684,    4.000,  7.0322e-011,
2026/10/07 20:30:26.892,    4.000,  7.6357e-011,
2026/10/07 20:30:27.100,    4.000,  8.5922e-011,
2026/10/07 20:30:27.309,    4.000,  7.2538e-011,
2026/10/07 20:30:27.517,    4.000,  8.2273e-011,
2026/10/07 20:30:27.725,    4.000,  6.8230e-011,
2026/10/07 20:30:27.934,    4.000,  8.6112e-011,
2026/10/07 20:30:28.142,    4.000,  6.4033e-011,
2026/10/07 20:30:28.350,    4.000,  7.0104e-011,
2026/10/07 20:30:28.559,    4.000,  7.0312e-011,
2026/10/07 20:30:28.767,    4.000,  7.1251e-011,
2026/10/07 20:30:28.975,    4.000,  8.6957e-011,
2026/10/07 20:30:29.184,    4.000,  8.1118e-011,
2026/10/07 20:30:29.392,    4.000,  7.2728e-011,
2026/10/07 20:30:29.600,    4.000,  7.4883e-011,
2026/10/07 20:30:29.809,    4.000,  6.9777e-011,
2026/10/07 20:30:30.017,    4.000,  6.4784e-011,
2026/10/07 20:30:30.225,    4.000,  7.0943e-011,
2026/10/07 20:30:30.434,    4.000,  6.9550e-011,
2026/10/07 20:30:30.642,    4.000,  7.4153e-011,
2026/10/07 20:30:30.850,    4.000,  7.6505e-011,
2026/10/07 20:30:31.059,    4.000,  9.6285e-011,
2026/10/07 20:30:31.267,    4.000,  7.2049e-011,
2026/10/07 20:30:31.475,    4.000,  7.4454e-011,
2026/10/07 20:30:31.684,    4.000,  7.3660e-011,
2026/10/07 20:30:31.892,    4.000,  8.2552e-011,
2026/10/07 20:30:32.100,    4.000,  6.8516e-011,
2026/10/07 20:30:32.309,    4.000,  7.3294e-011,
2026/10/07 20:30:32.517,    4.000,  6.8847e-011,
2026/10/07 20:30:32.725,    4.000,  7.0449e-011,
2026/10/07 20:30:32.934,    4.000,  8.0336e-011,
2026/10/07 20:30:33.142,    4.000,  7.3678e-011,
2026/10/07 20:30:33.350,    4.000,  8.1149e-011,
2026/10/07 20:30:33.559,    4.000,  6.8775e-011,
2026/10/07 20:30:33.767,    4.000,  8.6203e-011,
2026/10/07 20:30:33.975,    4.000,  7.8919e-011,
2026/10/07 20:30:34.184,    4.000,  7.8885e-011,
2026/10/07 20:30:34.392,    4.000,  7.9281e-011,
2026/10/07 20:30:34.600,    4.000,  7.9886e-011,
2026/10/07 20:30:34.809,    4.000,  6.4373e-011,
2026/10/07 20:30:35.017,    4.000,  6.3110e-011,
2026/10/07 20:30:35.225,    4.000,  7.6326e-011,
2026/10/07 20:30:35.434,    4.000,  7.9097e-011,
2026/10/07 20:30:35.642,    4.000,  7.1520e-011,
2026/10/07 20:30:35.850,    4.000,  9.1304e-011,
2026/10/07 20:30:36.059,    4.000,  6.8447e-011,
2026/10/07 20:30:36.267,    4.000,  8.0599e-011,
2026/10/07 20:30:36.475,    4.000,  8.0498e-011,
2026/10/07 20:30:36.684,    4.000,  8.1879e-011,
2026/10/07 20:30:36.892,    4.000,  6.6674e-011,
2026/10/07 20:30:37.100,    4.000,  8.8603e-011,
2026/10/07 20:30:37.309,    4.000,  7.2811e-011,
2026/10/07 20:30:37.517,    4.000,  6.6546e-011,
2026/10/07 20:30:37.725,    4.000,  8.3391e-011,
2026/10/07 20:30:37.934,    4.000,  8.4797e-011,
2026/10/07 20:30:38.142,    4.000,  7.6495e-011,
2026/10/07 20:30:38.350,    4.000,  7.6276e-011,
2026/10/07 20:30:38.559,    4.000,  7.4770e-011,
2026/10/07 20:30:38.767,    4.000,  7.5437e-011,
2026/10/07 20:30:38.975,    4.000,  7.9237e-011,
2026/10/07 20:30:39.184,    4.000,  7.2972e-011,
2026/10/07 20:30:39.392,    4.000,  8.2394e-011,
2026/10/07 20:30:39.600,    4.000,  7.7780e-011,
2026/10/07 20:30:39.809,    4.000,  6.7295e-011,
2026/10/07 20:30:40.017,    4.000,  6.9650e-011,
2026/10/07 20:30:40.225,    4.000,  7.5165e-011,
2026/10/07 20:30:40.434,    4.000,  7.0913e-011,
2026/10/07 20:30:40.642,    4.000,  7.7689e-011,
2026/10/07 20:30:40.850,    4.000,  6.7823e-011,
2026/10/07 20:30:41.059,    4.000,  7.7594e-011,
2026/10/07 20:30:41.267,    4.000,  8.5394e-011,
2026/10/07 20:30:41.475,    4.000,  6.9978e-011,
2026/10/07 20:30:41.684,    4.000,  7.2680e-011,
2026/10/07 20:30:41.892,    4.000,  7.7163e-011,
2026/10/07 20:30:42.100,    4.000,  8.1559e-011,
2026/10/07 20:30:42.309,    4.000,  8.8001e-011,
2026/10/07 20:30:42.517,    4.000,  6.4678e-011,
2026/10/07 20:30:42.725,    4.000,  7.2479e-011,
2026/10/07 20:30:42.934,    4.000,  8.3639e-011,
2026/10/07 20:30:43.142,    4.000,  6.4569e-011,
2026/10/07 20:30:43.350,    4.000,  8.6115e-011,
2026/10/07 20:30:43.559,    4.000,  7.5778e-011,
2026/10/07 20:30:43.767,    4.000,  8.3674e-011,
2026/10/07 20:30:43.975,    4.000,  6.9134e-011,
2026/10/07 20:30:44.184,    4.000,  7.6434e-011,
2026/10/07 20:30:44.392,    4.000,  8.1808e-011,
2026/10/07 20:30:44.600,    4.000,  5.6885e-011,
2026/10/07 20:30:44.809,    4.000,  8.0343e-011,
2026/10/07 20:30:45.017,    4.000,  7.0573e-011,
2026/10/07 20:30:45.225,    4.000,  7.4500e-011,
2026/10/07 20:30:45.434,    4.000,  9.0919e-011,
2026/10/07 20:30:45.642,    4.000,  6.8122e-011,
2026/10/07 20:30:45.850,    4.000,  7.5432e-011,
2026/10/07 20:30:46.059,    4.000,  7.9315e-011,
2026/10/07 20:30:46.267,    4.000,  6.5157e-011,
2026/10/07 20:30:46.475,    4.000,  7.9553e-011,
2026/10/07 20:30:46.684,    4.000,  6.5526e-011,
2026/10/07 20:30:46.892,    4.000,  7.1735e-011,
2026/10/07 20:30:47.100,    4.000,  6.5880e-011,
2026/10/07 20:30:47.309,    4.000,  8.5782e-011,
2026/10/07 20:30:47.517,    4.000,  7.4379e-011,
2026/10/07 20:30:47.725,    4.000,  7.9114e-011,
2026/10/07 20:30:47.934,    4.000,  6.5645e-011,
2026/10/07 20:30:48.142,    4.000,  7.7080e-011,
2026/10/07 20:30:48.350,    4.000,  9.4862e-011,
2026/10/07 20:30:48.559,    4.000,  8.7619e-011,
2026/10/07 20:30:48.767,    4.000,  9.9202e-011,
2026/10/07 20:30:48.975,    4.000,  8.7165000"
      RFAmpVoltage="0.0000"
      PiraniCorr="0.0000"
      PiraniTemp="0.0000"
      PiraniPress="0.0000"
      GroundReference="0.0000"
      DCPlusFB="0.0000"
      DCMinusFB="0.0000"
      FilamentDACFine="0.0000"
      FilamentDACCoarse="0.0000"
      ReferenceVoltage="0.0000"
      Focus1="0.0000"
      Focus2="0.0000"
      FilamentPWM="0.0000"
      FilamentStatus="3"
      BACurrent="0.0000e+000"
      DegasTimeLeft="0"
      PiraniPressureOut="1.0000e-004"
      TotalPressureOut="0.0000e+000"
   />

</ConfigurationData>
2026/10/08 14:50:05.642,    4.000,  1.9921e-011,
2026/10/08 14:50:05.850,    4.000,  1.9354e-011,
2026/10/08 14:50:06.059,    4.000,  1.6303e-011,
2026/10/08 14:50:06.267,    4.000,  1.7692e-011,
2026/10/08 14:50:06.475,    4.000,  3.1210e-011,
2026/10/08 14:50:06.684,    4.000,  2.9369e-011,
2026/10/08 14:50:06.892,    4.000,  2.2481e-011,
2026/10/08 14:50:07.100,    4.000,  1.5014e-011,
2026/10/08 14:50:07.308,    4.000,  2.4732e-011,
2026/10/08 14:50:07.517,    4.000,  3.0980e-011,
2026/10/08 14:50:07.725,    4.000,  1.7518e-011,
2026/10/08 14:50:07.934,    4.000,  2.7322e-011,
2026/10/08 14:50:08.142,    4.000,  1.8982e-011,
2026/10/08 14:50:08.350,    4.000,  2.1822e-011,
2026/10/08 14:50:08.559,    4.000,  2.3101e-011,
2026/10/08 14:50:08.767,    4.000,  2.6287e-011,
2026/10/08 14:50:08.975,    4.000,  1.4843e-011,
2026/10/08 14:50:09.184,    4.000,  3.0817e-011,
2026/10/08 14:50:09.392,    4.000,  2.8796e-011,
2026/10/08 14:50:09.600,    4.000,  3.2389e-011,
2026/10/08 14:50:09.809,    4.000,  3.2663e-011,
2026/10/08 14:50:10.017,    4.000,  2.4670e-011,
2026/10/08 14:50:10.225,    4.000,  1.7430e-011,
2026/10/08 14:50:10.434,    4.000,  2.5021e-011,
2026/10/08 14:50:10.642,    4.000,  2.2939e-011,
2026/10/08 14:50:10.850,    4.000,  2.4145e-011,
2026/10/08 14:50:11.058,    4.000,  2.8793e-011,
2026/10/08 14:50:11.267,    4.000,  2.1899e-011,
2026/10/08 14:50:11.475,    4.000,  1.8202e-011,
2026/10/08 14:50:11.683,    4.000,  1.3891e-011,
2026/10/08 14:50:11.892,    4.000,  1.9987e-011,
2026/10/08 14:50:12.100,    4.000,  2.3157e-011,
2026/10/08 14:50:12.308,    4.000,  2.2458e-011,
2026/10/08 14:50:12.517,    4.000,  2.0612e-011,
2026/10/08 14:50:12.725,    4.000,  1.9076e-011,
2026/10/08 14:50:12.933,    4.000,  3.2108e-011,
2026/10/08 14:50:13.142,    4.000,  2.6062e-011,
2026/10/08 14:50:13.350,    4.000,  2.6933e-011,
2026/10/08 14:50:13.558,    4.000,  2.3916e-011,
2026/10/08 14:50:13.767,    4.000,  2.5429e-011,
2026/10/08 14:50:13.975,    4.000,  2.4907e-011,
2026/10/08 14:50:14.183,    4.000,  2.8234e-011,
2026/10/08 14:50:14.392,    4.000,  3.3278e-011,
2026/10/08 14:50:14.600,    4.000,  1.7227e-011,
2026/10/08 14:50:14.809,    4.000,  2.6647e-011,
2026/10/08 14:50:15.017,    4.000,  3.2856e-011,
2026/10/08 14:50:15.225,    4.000,  2.7440e-011,
2026/10/08 14:50:15.434,    4.000,  2.0280e-011,
2026/10/08 14:50:15.642,    4.000,  1.7030e-011,
2026/10/08 14:50:15.850,    4.000,  2.2107e-011,
2026/10/08 14:50:16.059,    4.000,  2.5031e-011,
2026/10/08 14:50:16.267,    4.000,  3.4317e-011,
2026/10/08 14:50:16.475,    4.000,  2.3447e-011,
2026/10/08 14:50:16.684,    4.000,  2.4314e-011,
2026/10/08 14:50:16.892,    4.000,  1.9900e-011,
2026/10/08 14:50:17.100,    4.000,  3.0242e-011,
2026/10/08 14:50:17.309,    4.000,  1.7474e-011,
2026/10/08 14:50:17.517,    4.000,  2.1797e-011,
2026/10/08 14:50:17.725,    4.000,  2.2447e-011,
2026/10/08 14:50:17.934,    4.000,  1.6201e-011,
2026/10/08 14:50:18.142,    4.000,  2.6206e-011,
2026/10/08 14:50:18.350,    4.000,  2.4527e-011,
2026/10/08 14:50:18.559,    4.000,  2.2456e-011,
2026/10/08 14:50:18.767,    4.000,  2.6757e-011,
2026/10/08 14:50:18.975,    4.000,  1.8805e-011,
2026/10/08 14:50:19.184,    4.000,  2.6358e-011,
2026/10/08 14:50:19.392,    4.000,  3.1520e-011,
2026/10/08 14:50:19.600,    4.000,  2.8133e-011,
2026/10/08 14:50:19.809,    4.000,  2.3000e-011,
2026/10/08 14:50:20.017,    4.000,  2.6355e-011,
2026/10/08 14:50:20.225,    4.000,  1.5726e-011,
2026/10/08 14:50:20.434,    4.000,  2.0656e-011,
2026/10/08 14:50:20.642,    4.000,  2.4511e-011,
2026/10/08 14:50:20.850,    4.000,  2.3098e-011,
2026/10/08 14:50:21.059,    4.000,  2.1607e-011,
2026/10/08 14:50:21.267,    4.000,  2.8137e-011,
2026/10/08 14:50:21.475,    4.000,  3.0348e-011,
2026/10/08 14:50:21.684,    4.000,  3.1106e-011,
2026/10/08 14:50:21.892,    4.000,  2.3262e-011,
2026/10/08 14:50:22.100,    4.000,  1.3766e-011,
2026/10/08 14:50:22.309,    4.000,  2.6793e-011,
2026/10/08 14:50:22.517,    4.000,  1.9378e-011,
2026/10/08 14:50:22.725,    4.000,  2.6814e-011,
2026/10/08 14:50:22.934,    4.000,  2.9528e-011,
2026/10/08 14:50:23.142,    4.000,  2.9542e-011,
2026/10/08 14:50:23.350,    4.000,  2.1069e-011,
2026/10/08 14:50:23.559,    4.000,  2.0443e-011,
2026/10/08 14:50:23.767,    4.000,  2.3992e-011,
2026/10/08 14:50:23.975,    4.000,  3.2045e-011,
2026/10/08 14:50:24.184,    4.000,  2.9052e-011,
2026/10/08 14:50:24.392,    4.000,  2.4700e-011,
2026/10/08 14:50:24.600,    4.000,  2.1358e-011,
2026/10/08 14:50:24.809,    4.000,  1.4046e-011,
2026/10/08 14:50:25.017,    4.000,  3.1064e-011,
2026/10/08 14:50:25.225,    4.000,  2.3076e-011,
2026/10/08 14:50:25.433,    4.000,  2.6421e-011,
2026/10/08 14:50:25.642,    4.000,  2.1929e-011,
2026/10/08 14:50:25.850,    4.000,  2.3776e-011,
2026/10/08 14:50:26.058,    4.000,  2.4814e-011,
2026/10/08 14:50:26.267,    4.000,  3.0153e-011,
2026/10/08 14:50:26.475,    4.000,  4.0962e-011,
2026/10/08 14:50:26.683,    4.000,  3.7257e-011,
2026/10/08 14:50:26.892,    4.000,  2.8603e-011,
2026/10/08 14:50:27.100,    4.000,  3.0415e-011,
2026/10/08 14:50:27.308,    4.000,  2.7639e-011,
2026/10/08 14:50:27.517,    4.000,  3.6906e-011,
2026/10/08 14:50:27.725,    4.000,  2.6384e-011,
2026/10/08 14:50:27.933,    4.000,  3.0174e-011,
2026/10/08 14:50:28.142,    4.000,  2.5166e-011,
2026/10/08 14:50:28.350,    4.000,  1.9594e-011,
2026/10/08 14:50:28.558,    4.000,  2.1277e-011,
2026/10/08 14:50:28.767,    4.000,  2.1460e-011,
2026/10/08 14:50:28.975,    4.000,  2.4815e-011,
2026/10/08 14:50:29.183,    4.000,  1.8603e-011,
2026/10/08 14:50:29.392,    4.000,  2.3790e-011,
2026/10/08 14:50:29.600,    4.000,  1.9003e-011,
2026/10/08 14:50:29.808,    4.000,  2.3708e-011,
2026/10/08 14:50:30.017,    4.000,  3.0505e-011,
2026/10/08 14:50:30.225,    4.000,  3.4786e-011,
2026/10/08 14:50:30.433,    4.000,  2.5399e-011,
2026/10/08 14:50:30.642,    4.000,  2.2620e-011,
2026/10/08 14:50:30.850,    4.000,  3.0342e-011,
2026/10/08 14:50:31.058,    4.000,  2.1878e-011,
2026/10/08 14:50:31.267,    4.000,  2.1166e-011,
2026/10/08 14:50:31.475,    4.000,  2.7686e-011,
2026/10/08 14:50:31.683,    4.000,  2.3440e-011,
2026/10/08 14:50:31.892,    4.000,  2.5251e-011,
2026/10/08 14:50:32.100,    4.000,  2.3361e-011,
2026/10/08 14:50:32.308,    4.000,  3.0387e-011,
2026/10/08 14:50:32.517,    4.000,  1.6867e-011,
2026/10/08 14:50:32.725,    4.000,  2.5890e-011,
2026/10/08 14:50:32.933,    4.000,  2.3063e-011,
2026/10/08 14:50:33.142,    4.000,  1.9417e-011,
2026/10/08 14:50:33.350,    4.000,  2.0176e-011,
2026/10/08 14:50:33.558,    4.000,  3.2021e-011,
2026/10/08 14:50:33.767,    4.000,  1.9000e-011,
2026/10/08 14:50:33.975,    4.000,  2.5991e-011,
2026/10/08 14:50:34.183,    4.000,  2.5820e-011,
2026/10/08 14:50:34.392,    4.000,  2.1491e-011,
2026/10/08 14:50:34.600,    4.000,  3.3213e-011,
2026/10/08 14:50:34.808,    4.000,  2.6741e-011,
2026/10/08 14:50:35.017,    4.000,  4.1037e-011,
2026/10/08 14:50:35.225,    4.000,  1.7332e-011,
2026/10/08 14:50:35.433,    4.000,  2.4540e-011,
2026/10/08 14:50:35.642,    4.000,  2.3344e-011,
2026/10/08 14:50:35.850,    4.000,  2.2389e-011,
2026/10/08 14:50:36.058,    4.000,  3.8278e-011,
2026/10/08 14:50:36.267,    4.000,  1.7183e-011,
2026/10/08 14:50:36.475,    4.000,  2.1433e-011,
2026/10/08 14:50:36.683,    4.000,  2.1461e-011,
2026/10/08 14:50:36.892,    4.000,  3.4349e-011,
2026/10/08 14:50:37.100,    4.000,  2.1483e-011,
2026/10/08 14:50:37.308,    4.000,  2.7247e-011,
2026/10/08 14:50:37.517,    4.000,  2.9351e-011,
2026/10/08 14:50:37.725,    4.000,  2.3432e-011,
2026/10/08 14:50:37.933,    4.000,  2.5395e-011,
2026/10/08 14:50:38.142,    4.000,  2.7932e-011,
2026/10/08 14:50:38.350,    4.000,  2.8666e-011,
2026/10/08 14:50:38.558,    4.000,  2.3575e-011,
2026/10/08 14:50:38.767,    4.000,  2.2627e-011,
2026/10/08 14:50:38.975,    4.000,  2.1030e-011,
2026/10/08 14:50:39.183,    4.000,  3.2430e-011,
2026/10/08 14:50:39.392,    4.000,  2.7448e-011,
2026/10/08 14:50:39.600,    4.000,  2.8604e-011,
2026/10/08 14:50:39.808,    4.000,  1.8501e-011,
2026/10/08 14:50:40.017,    4.000,  3.1323e-011,
2026/10/08 14:50:40.225,    4.000,  2.5359e-011,
2026/10/08 14:50:40.433,    4.000,  3.3125e-011,
2026/10/08 14:50:40.642,    4.000,  2.6670e-011,
2026/10/08 14:50:40.850,    4.000,  2.2186e-011,
2026/10/08 14:50:41.058,    4.000,  3.7123e-011,
2026/10/08 14:50:41.267,    4.000,  3.0175e-011,
2026/10/08 14:50:41.475,    4.000,  2.7778e-011,
2026/10/08 14:50:41.683,    4.000,  2.0999e-011,
2026/10/08 14:50:41.892,    4.000,  3.1471e-011,
2026/10/08 14:50:42.100,    4.000,  2.3461e-011,
2026/10/08 14:50:42.308,    4.000,  2.6166e-011,
2026/10/08 14:50:42.517,    4.000,  2.8168e-011,
2026/10/08 14:50:42.725,    4.000,  2.0026e-011,
2026/10/08 14:50:42.933,    4.000,  1.8824e-011,
2026/10/08 14:50:43.142,    4.000,  3.8634e-011,
2026/10/08 14:50:43.350,    4.000,  2.5797e-011,
2026/10/08 14:50:43.559,    4.000,  2.2644e-011,
2026/10/08 14:50:43.767,    4.000,  3.0663e-011,
2026/10/08 14:50:43.975,    4.000,  2.5155e-011,
2026/10/08 14:50:44.184,    4.000,  2.6112e-011,
2026/10/08 14:50:44.392,    4.000,  2.5699e-011,
2026/10/08 14:50:44.600,    4.000,  2.1570e-011,
2026/10/08 14:50:44.809,    4.000,  2.7242e-011,
2026/10/08 14:50:45.017,    4.000,  2.6965e-011,
2026/10/08 14:50:45.225,    4.000,  2.4755e-011,
2026/10/08 14:50:45.434,    4.000,  2.7571e-011,
2026/10/08 14:50:45.642,    4.000,  2.2715e-011,
2026/10/08 14:50:45.850,    4.000,  2.7921e-011,
2026/10/08 14:50:46.059,    4.000,  2.6862e-011,
2026/10/08 14:50:46.267,    4.000,  3.3557e-011,
2026/10/08 14:50:46.475,    4.000,  3.5905e-011,
2026/10/08 14:50:46.684,    4.000,  2.5271e-011,
2026/10/08 14:50:46.892,    4.000,  2.3057e-011,
2026/10/08 14:50:47.100,    4.000,  2.9427e-011,
2026/10/08 14:50:47.309,    4.000,  2.7774e-011,
2026/10/08 14:50:47.517,    4.000,  2.3415e-011,
2026/10/08 14:50:47.725,    4.000,  2.8359e-011,
2026/10/08 14:50:47.934,    4.000,  3.0549e-011,
2026/10/08 14:50:48.142,    4.000,  2.6743e-011,
2026/10/08 14:50:48.350,    4.000,  3.0171e-011,
2026/10/08 14:50:48.559,    4.000,  2.8083e-011,
2026/10/08 14:50:48.767,    4.000,  2.7565e-011,
2026/10/08 14:50:48.975,    4.000,  3.8040e-011,
2026/10/08 14:50:49.184,    4.000,  2.0355e-011,
2026/10/08 14:50:49.392,    4.000,  1.7443e-011,
2026/10/08 14:50:49.600,    4.000,  2.3890e-011,
2026/10/08 14:50:49.809,    4.000,  2.9205e-011,
2026/10/08 14:50:50.017,    4.000,  2.4890e-011,
2026/10/08 14:50:50.225,    4.000,  2.5424e-011,
2026/10/08 14:50:50.434,    4.000,  3.2839e-011,
2026/10/08 14:50:50.642,    4.000,  2.1067e-011,
2026/10/08 14:50:50.850,    4.000,  2.2936e-011,
2026/10/08 14:50:51.059,    4.000,  3.0493e-011,
2026/10/08 14:50:51.267,    4.000,  2.6669e-011,
2026/10/08 14:50:51.475,    4.000,  2.6700e-011,
2026/10/08 14:50:51.684,    4.000,  2.7818e-011,
2026/10/08 14:50:51.892,    4.000,  1.7934e-011,
2026/10/08 14:50:52.100,    4.000,  2.6459e-011,
2026/10/08 14:50:52.309,    4.000,  3.5560e-011,
2026/10/08 14:50:52.517,    4.000,  2.5242e-011,
2026/10/08 14:50:52.725,    4.000,  2.4376e-011,
2026/10/08 14:50:52.934,    4.000,  1.7374e-011,
2026/10/08 14:50:53.142,    4.000,  2.1609e-011,
2026/10/08 14:50:53.350,    4.000,  2.6420e-011,
2026/10/08 14:50:53.559,    4.000,  2.5967e-011,
2026/10/08 14:50:53.767,    4.000,  3.6369e-011,
2026/10/08 14:50:53.975,    4.000,  3.1171e-011,
2026/10/08 14:50:54.184,    4.000,  3.6258e-011,
2026/10/08 14:50:54.392,    4.000,  2.5007e-011,
2026/10/08 14:50:54.600,    4.000,  2.9922e-011,
2026/10/08 14:50:54.809,    4.000,  2.4584e-011,
2026/10/08 14:50:55.017,    4.000,  2.4641e-011,
2026/10/08 14:50:55.225,    4.000,  2.4465e-011,
2026/10/08 14:50:55.434,    4.000,  2.0040e-011,
2026/10/08 14:50:55.642,    4.000,  2.5034e-011,
2026/10/08 14:50:55.850,    4.000,  2.2001e-011,
2026/10/08 14:50:56.059,    4.000,  2.5230e-011,
2026/10/08 14:50:56.267,    4.000,  2.2024e-011,
2026/10/08 14:50:56.475,    4.000,  2.8386e-011,
2026/10/08 14:50:56.684,    4.000,  2.7009e-011,
2026/10/08 14:50:56.892,    4.000,  2.4726e-011,
2026/10/08 14:50:57.100,    4.000,  2.3726e-011,
2026/10/08 14:50:57.309,    4.000,  2.1693e-011,
2026/10/08 14:50:57.517,    4.000,  2.9191e-011,
2026/10/08 14:50:57.725,    4.000,  3.3611e-011,
2026/10/08 14:50:57.934,    4.000,  3.6692e-011,
2026/10/08 14:50:58.142,    4.000,  2.6744e-011,
2026/10/08 14:50:58.350,    4.000,  2.3699e-011,
2026/10/08 14:50:58.559,    4.000,  2.4012e-011,
2026/10/08 14:50:58.767,    4.000,  2.8543e-011,
2026/10/08 14:50:58.975,    4.000,  2.9145e-011,
2026/10/08 14:50:59.184,    4.000,  2.6314e-011,
2026/10/08 14:50:59.392,    4.000,  2.4935e-011,
2026/10/08 14:50:59.600,    4.000,  3.2846e-011,
2026/10/08 14:50:59.809,    4.000,  2.2134e-011,
2026/10/08 14:51:00.017,    4.000,  2.7072e-011,
2026/10/08 14:51:00.225,    4.000,  2.5860e-011,
2026/10/08 14:51:00.434,    4.000,  1.9432e-011,
2026/10/08 14:51:00.642,    4.000,  3.1481e-011,
2026/10/08 14:51:00.850,    4.000,  3.3459e-011,
2026/10/08 14:51:01.059,    4.000,  3.2717e-011,
2026/10/08 14:51:01.267,    4.000,  4.5274e-011,
2026/10/08 14:51:01.475,    4.000,  2.8548e-011,
2026/10/08 14:51:01.684,    4.000,  1.8849e-011,
2026/10/08 14:51:01.892,    4.000,  2.5974e-011,
2026/10/08 14:51:02.100,    4.000,  2.6363e-011,
2026/10/08 14:51:02.309,    4.000,  2.3486e-011,
2026/10/08 14:51:02.517,    4.000,  2.2434e-011,
2026/10/08 14:51:02.725,    4.000,  2.3246e-011,
2026/10/08 14:51:02.934,    4.000,  3.4049e-011,
2026/10/08 14:51:03.142,    4.000,  3.2156e-011,
2026/10/08 14:51:03.350,    4.000,  1.8089e-011,
2026/10/08 14:51:03.559,    4.000,  4.2050e-011,
2026/10/08 14:51:03.767,    4.000,  2.4693e-011,
2026/10/08 14:51:03.975,    4.000,  2.6197e-011,
2026/10/08 14:51:04.184,    4.000,  2.9458e-011,
2026/10/08 14:51:04.392,    4.000,  3.1839e-011,
2026/10/08 14:51:04.600,    4.000,  2.9425e-011,
2026/10/08 14:51:04.809,    4.000,  1.9979e-011,
2026/10/08 14:51:05.017,    4.000,  2.7408e-011,
2026/10/08 14:51:05.225,    4.000,  2.5417e-011,
2026/10/08 14:51:05.434,    4.000,  2.5899e-011,
2026/10/08 14:51:05.642,    4.000,  2.8909e-011,
2026/10/08 14:51:05.850,    4.000,  2.5634e-011,
2026/10/08 14:51:06.059,    4.000,  2.5926e-011,
2026/10/08 14:51:06.267,    4.000,  1.5966e-011,
2026/10/08 14:51:06.475,    4.000,  2.7162e-011,
2026/10/08 14:51:06.684,    4.000,  2.3960e-011,
2026/10/08 14:51:06.892,    4.000,  4.5804e-011,
2026/10/08 14:51:07.100,    4.000,  2.1271e-011,
2026/10/08 14:51:07.309,    4.000,  2.1203e-011,
2026/10/08 14:51:07.517,    4.000,  3.0310e-011,
2026/10/08 14:51:07.725,    4.000,  3.2181e-011,
2026/10/08 14:51:07.934,    4.000,  2.1829e-011,
2026/10/08 14:51:08.142,    4.000,  3.1008e-011,
2026/10/08 14:51:08.350,    4.000,  3.7748e-011,
2026/10/08 14:51:08.559,    4.000,  2.4932e-011,
2026/10/08 14:51:08.767,    4.000,  2.5945e-011,
2026/10/08 14:51:08.975,    4.000,  3.1573e-011,
2026/10/08 14:51:09.184,    4.000,  2.6916e-011,
2026/10/08 14:51:09.392,    4.000,  2.3077e-011,
2026/10/08 14:51:09.600,    4.000,  2.4329e-011,
2026/10/08 14:51:09.809,    4.000,  2.6885e-011,
2026/10/08 14:51:10.017,    4.000,  2.7210e-011,
2026/10/08 14:51:10.225,    4.000,  2.9292e-011,
2026/10/08 14:51:10.434,    4.000,  3.1536e-011,
2026/10/08 14:51:10.642,    4.000,  3.4025e-011,
2026/10/08 14:51:10.850,    4.000,  2.4916e-011,
2026/10/08 14:51:11.059,    4.000,  3.5999e-011,
2026/10/08 14:51:11.267,    4.000,  2.9417e-011,
2026/10/08 14:51:11.475,    4.000,  3.3617e-011,
2026/10/08 14:51:11.684,    4.000,  2.9063e-011,
2026/10/08 14:51:11.892,    4.000,  3.1913e-011,
2026/10/08 14:51:12.100,    4.000,  2.9806e-011,
2026/10/08 14:51:12.309,    4.000,  3.1115e-011,
2026/10/08 14:51:12.517,    4.000,  2.3900e-011,
2026/10/08 14:51:12.725,    4.000,  2.2756e-011,
2026/10/08 14:51:12.934,    4.000,  2.7067e-011,
2026/10/08 14:51:13.142,    4.000,  2.5724e-011,
2026/10/08 14:51:13.350,    4.000,  1.8144e-011,
2026/10/08 14:51:13.559,    4.000,  3.0999e-011,
2026/10/08 14:51:13.767,    4.000,  2.8402e-011,
2026/10/08 14:51:13.975,    4.000,  2.1757e-011,
2026/10/08 14:51:14.184,    4.000,  3.1958e-011,
2026/10/08 14:51:14.392,    4.000,  2.7121e-011,
2026/10/08 14:51:14.600,    4.000,  2.5527e-011,
2026/10/08 14:51:14.809,    4.000,  2.2525e-011,
2026/10/08 14:51:15.017,    4.000,  2.5891e-011,
2026/10/08 14:51:15.225,    4.000,  2.7553e-011,
2026/10/08 14:51:15.434,    4.000,  3.1543e-011,
2026/10/08 14:51:15.642,    4.000,  2.7507e-011,
2026/10/08 14:51:15.850,    4.000,  3.2612e-011,
2026/10/08 14:51:16.059,    4.000,  2.5446e-011,
2026/10/08 14:51:16.267,    4.000,  2.7764e-011,
2026/10/08 14:51:16.475,    4.000,  3.3261e-011,
2026/10/08 14:51:16.684,    4.000,  2.8642e-011,
2026/10/08 14:51:16.892,    4.000,  3.0576e-011,
2026/10/08 14:51:17.100,    4.000,  2.2872e-011,
2026/10/08 14:51:17.309,    4.000,  2.8022e-011,
2026/10/08 14:51:17.517,    4.000,  2.2971e-011,
2026/10/08 14:51:17.725,    4.000,  2.5299e-011,
2026/10/08 14:51:17.934,    4.000,  2.7333e-011,
2026/10/08 14:51:18.142,    4.000,  2.4928e-011,
2026/10/08 14:51:18.350,    4.000,  1.6936e-011,
2026/10/08 14:51:18.559,    4.000,  2.4748e-011,
2026/10/08 14:51:18.767,    4.000,  2.7536e-011,
2026/10/08 14:51:18.975,    4.000,  1.8598e-011,
2026/10/08 14:51:19.184,    4.000,  2.7820e-011,
2026/10/08 14:51:19.392,    4.000,  2.6356e-011,
2026/10/08 14:51:19.600,    4.000,  2.7951e-011,
2026/10/08 14:51:19.809,    4.000,  2.5749e-011,
2026/10/08 14:51:20.017,    4.000,  2.0650e-011,
2026/10/08 14:51:20.225,    4.000,  1.8827e-011,
2026/10/08 14:51:20.434,    4.000,  2.1924e-011,
2026/10/08 14:51:20.642,    4.000,  1.9804e-011,
2026/10/08 14:51:20.850,    4.000,  2.8792e-011,
2026/10/08 14:51:21.059,    4.000,  2.9370e-011,
2026/10/08 14:51:21.267,    4.000,  2.3000e-011,
2026/10/08 14:51:21.475,    4.000,  2.8541e-011,
2026/10/08 14:51:21.684,    4.000,  3.0605e-011,
2026/10/08 14:51:21.892,    4.000,  2.1930e-011,
2026/10/08 14:51:22.100,    4.000,  2.5746e-011,
2026/10/08 14:51:22.309,    4.000,  3.0933e-011,
2026/10/08 14:51:22.517,    4.000,  2.5789e-011,
2026/10/08 14:51:22.725,    4.000,  2.5036e-011,
2026/10/08 14:51:22.933,    4.000,  2.7731e-011,
2026/10/08 14:51:23.142,    4.000,  2.8740e-011,
2026/10/08 14:51:23.350,    4.000,  1.6094e-011,
2026/10/08 14:51:23.558,    4.000,  2.5824e-011,
2026/10/08 14:51:23.767,    4.000,  3.6316e-011,
2026/10/08 14:51:23.975,    4.000,  2.4338e-011,
2026/10/08 14:51:24.183,    4.000,  3.0081e-011,
2026/10/08 14:51:24.392,    4.000,  3.4593e-011,
2026/10/08 14:51:24.600,    4.000,  3.3115e-011,
2026/10/08 14:51:24.808,    4.000,  1.8718e-011,
2026/10/08 14:51:25.017,    4.000,  2.7046e-011,
2026/10/08 14:51:25.225,    4.000,  3.0189e-011,
2026/10/08 14:51:25.433,    4.000,  2.3121e-011,
2026/10/08 14:51:25.642,    4.000,  2.0591e-011,
2026/10/08 14:51:25.850,    4.000,  2.5557e-011,
2026/10/08 14:51:26.058,    4.000,  2.9208e-011,
2026/10/08 14:51:26.267,    4.000,  3.0417e-011,
2026/10/08 14:51:26.475,    4.000,  1.8676e-011,
2026/10/08 14:51:26.683,    4.000,  2.3321e-011,
2026/10/08 14:51:26.892,    4.000,  2.5796e-011,
2026/10/08 14:51:27.100,    4.000,  2.1949e-011,
2026/10/08 14:51:27.308,    4.000,  3.2522e-011,
2026/10/08 14:51:27.517,    4.000,  2.2257e-011,
2026/10/08 14:51:27.725,    4.000,  2.4894e-011,
2026/10/08 14:51:27.933,    4.000,  2.9478e-011,
2026/10/08 14:51:28.142,    4.000,  2.4925e-011,
2026/10/08 14:51:28.350,    4.000,  3.5612e-011,
2026/10/08 14:51:28.558,    4.000,  2.5793e-011,
2026/10/08 14:51:28.767,    4.000,  3.1925e-011,
2026/10/08 14:51:28.975,    4.000,  2.1100e-011,
2026/10/08 14:51:29.183,    4.000,  2.8446e-011,
2026/10/08 14:51:29.392,    4.000,  3.6476e-011,
2026/10/08 14:51:29.600,    4.000,  2.6015e-011,
2026/10/08 14:51:29.808,    4.000,  3.0893e-011,
2026/10/08 14:51:30.017,    4.000,  2.7309e-011,
2026/10/08 14:51:30.225,    4.000,  2.3977e-011,
2026/10/08 14:51:30.433,    4.000,  2.4951e-011,
2026/10/08 14:51:30.642,    4.000,  2.8401e-011,
2026/10/08 14:51:30.850,    4.000,  2.3454e-011,
2026/10/08 14:51:31.058,    4.000,  2.1949e-011,
2026/10/08 14:51:31.267,    4.000,  3.1647e-011,
2026/10/08 14:51:31.475,    4.000,  2.3782e-011,
2026/10/08 14:51:31.683,    4.000,  3.2215e-011,
2026/10/08 14:51:31.892,    4.000,  2.7871e-011,
2026/10/08 14:51:32.100,    4.000,  2.4683e-011,
2026/10/08 14:51:32.308,    4.000,  2.8812e-011,
2026/10/08 14:51:32.517,    4.000,  2.7867e-011,
2026/10/08 14:51:32.725,    4.000,  2.8830e-011,
2026/10/08 14:51:32.933,    4.000,  2.2638e-011,
2026/10/08 14:51:33.142,    4.000,  2.2638e-011,
2026/10/08 14:51:33.350,    4.000,  2.7352e-011,
2026/10/08 14:51:33.558,    4.000,  3.2062e-011,
2026/10/08 14:51:33.767,    4.000,  2.9877e-011,
2026/10/08 14:51:33.975,    4.000,  2.7584e-011,
2026/10/08 14:51:34.183,    4.000,  2.4871e-011,
2026/10/08 14:51:34.392,    4.000,  2.8658e-011,
2026/10/08 14:51:34.600,    4.000,  2.0393e-011,
2026/10/08 14:51:34.808,    4.000,  2.4462e-011,
2026/10/08 14:51:35.017,    4.000,  2.8703e-011,
2026/10/08 14:51:35.225,    4.000,  3.2469e-011,
2026/10/08 14:51:35.433,    4.000,  1.8623e-011,
2026/10/08 14:51:35.642,    4.000,  3.4062e-011,
2026/10/08 14:51:35.850,    4.000,  2.4020e-011,
2026/10/08 14:51:36.058,    4.000,  2.6347e-011,
2026/10/08 14:51:36.267,    4.000,  2.6292e-011,
2026/10/08 14:51:36.475,    4.000,  2.3630e-011,
2026/10/08 14:51:36.683,    4.000,  2.1620e-011,
2026/10/08 14:51:36.892,    4.000,  2.7772e-011,
2026/10/08 14:51:37.100,    4.000,  2.7137e-011,
2026/10/08 14:51:37.308,    4.000,  2.0795e-011,
2026/10/08 14:51:37.517,    4.000,  2.9730e-011,
2026/10/08 14:51:37.725,    4.000,  2.5102e-011,
2026/10/08 14:51:37.933,    4.000,  2.4800e-011,
2026/10/08 14:51:38.142,    4.000,  2.2135e-011,
2026/10/08 14:51:38.350,    4.000,  2.6031e-011,
2026/10/08 14:51:38.558,    4.000,  2.1980e-011,
2026/10/08 14:51:38.767,    4.000,  1.6920e-011,
2026/10/08 14:51:38.975,    4.000,  2.1886e-011,
2026/10/08 14:51:39.183,    4.000,  3.4769e-011,
2026/10/08 14:51:39.392,    4.000,  2.6883e-011,
2026/10/08 14:51:39.600,    4.000,  2.6958e-011,
2026/10/08 14:51:39.808,    4.000,  2.0274e-011,
2026/10/08 14:51:40.017,    4.000,  2.1516e-011,
2026/10/08 14:51:40.225,    4.000,  2.7644e-011,
2026/10/08 14:51:40.433,    4.000,  2.7059e-011,
2026/10/08 14:51:40.642,    4.000,  2.1788e-011,
2026/10/08 14:51:40.850,    4.000,  2.8310e-011,
2026/10/08 14:51:41.058,    4.000,  3.4077e-011,
2026/10/08 14:51:41.267,    4.000,  2.6111e-011,
2026/10/08 14:51:41.475,    4.000,  2.2646e-011,
2026/10/08 14:51:41.683,    4.000,  2.3335e-011,
2026/10/08 14:51:41.892,    4.000,  2.7703e-011,
2026/10/08 14:51:42.100,    4.000,  3.5056e-011,
2026/10/08 14:51:42.308,    4.000,  2.7691e-011,
2026/10/08 14:51:42.517,    4.000,  2.3407e-011,
2026/10/08 14:51:42.725,    4.000,  3.0096e-011,
2026/10/08 14:51:42.933,    4.000,  3.3556e-011,
2026/10/08 14:51:43.142,    4.000,  2.2537e-011,
2026/10/08 14:51:43.350,    4.000,  2.0274e-011,
2026/10/08 14:51:43.558,    4.000,  3.2278e-011,
2026/10/08 14:51:43.767,    4.000,  2.5354e-011,
2026/10/08 14:51:43.975,    4.000,  2.7163e-011,
2026/10/08 14:51:44.183,    4.000,  2.6453e-011,
2026/10/08 14:51:44.392,    4.000,  2.8081e-011,
2026/10/08 14:51:44.600,    4.000,  3.6458e-011,
2026/10/08 14:51:44.808,    4.000,  2.2170e-011,
2026/10/08 14:51:45.017,    4.000,  3.8611e-011,
2026/10/08 14:51:45.225,    4.000,  2.5371e-011,
2026/10/08 14:51:45.433,    4.000,  3.0629e-011,
2026/10/08 14:51:45.642,    4.000,  3.4899e-011,
2026/10/08 14:51:45.850,    4.000,  1.3911e-011,
2026/10/08 14:51:46.058,    4.000,  2.8124e-011,
2026/10/08 14:51:46.267,    4.000,  3.4694e-011,
2026/10/08 14:51:46.475,    4.000,  2.3759e-011,
2026/10/08 14:51:46.683,    4.000,  3.7177e-011,
2026/10/08 14:51:46.892,    4.000,  2.5506e-011,
2026/10/08 14:51:47.100,    4.000,  1.9399e-011,
2026/10/08 14:51:47.308,    4.000,  3.3155e-011,
2026/10/08 14:51:47.517,    4.000,  3.0251e-011,
2026/10/08 14:51:47.725,    4.000,  1.7508e-011,
2026/10/08 14:51:47.933,    4.000,  2.6101e-011,
2026/10/08 14:51:48.142,    4.000,  2.5822e-011,
2026/10/08 14:51:48.350,    4.000,  2.8157e-011,
2026/10/08 14:51:48.558,    4.000,  2.0813e-011,
2026/10/08 14:51:48.767,    4.000,  3.0725e-011,
2026/10/08 14:51:48.975,    4.000,  2.3774e-011,
2026/10/08 14:51:49.183,    4.000,  3.1652e-011,
2026/10/08 14:51:49.392,    4.000,  2.6647e-011,
2026/10/08 14:51:49.600,    4.000,  2.5079e-011,
